url,0,1,2,3,4,high_carb,high_protein,high_fat,high_sodium,high_sugar
https://mykoreankitchen.com/spicy-mayo-recipe/,-0.3806245257016969,0.12383910096551486,-0.7612113721680476,0.01971497790306546,0.09188955681371799,-1.1039392373380301,-0.3400590739558476,-0.4071251843732045,-0.3704859760407559,-2.354074481970922
https://mykoreankitchen.com/strawberry-milk/,1.2703575979574997,2.336142784959708,-1.1958247818967627,-0.5948868672557532,0.9986510772628057,1.7725221557258508,-0.3400590739558476,-0.4071251843732045,-0.3704859760407559,0.8495907904857463
https://mykoreankitchen.com/dakgangjeong-soy-garlic-fried-chicken/,-0.13109311311837155,-0.6026763028431734,-0.46564994878912186,-0.009966037096039488,0.24918001618690858,1.7725221557258508,5.849016072040579,-0.4071251843732045,5.310298989917501,0.8495907904857463
https://mykoreankitchen.com/chili-oil-recipe/,0.38383523800928493,-1.621419927599935,-0.46193101795078,-0.42018955205254893,-0.28568679244660183,1.7725221557258508,-0.3400590739558476,4.885502212478454,5.310298989917501,0.8495907904857463
https://mykoreankitchen.com/dalgona-coffee-whipped-coffee/,1.4330190789819413,2.575847465677957,-1.4652552351789305,-0.8093909701051158,1.111915925361215,-1.1039392373380301,-0.3400590739558476,-0.4071251843732045,-0.3704859760407559,0.8495907904857463
https://mykoreankitchen.com/omelet-rice-omurice/,-0.3639237491189867,-0.18467916901843195,-0.1457576419883339,-0.13998726967933953,-0.11220931283746473,1.7725221557258508,5.849016072040579,4.885502212478454,5.310298989917501,0.8495907904857463
https://mykoreankitchen.com/tuna-pancakes-chamchijeon/,-0.5584726104475752,-0.2580545104842084,-0.08485030105515273,-0.045643032329290414,0.21019711976561598,-1.1039392373380301,-0.3400590739558476,-0.4071251843732045,-0.3704859760407559,-2.354074481970922
https://mykoreankitchen.com/pan-fried-zucchini/,-0.9760143881878169,0.19688300607464881,-0.2044158398926211,-0.22118312432899043,0.07699255910654842,-1.1039392373380301,-0.3400590739558476,-0.4071251843732045,-0.3704859760407559,-2.354074481970922
https://mykoreankitchen.com/slow-cooker-short-ribs/,0.19232340373926862,-1.1170490174152055,-0.5045157001133098,-0.5369778339703952,-0.22677306211628628,1.7725221557258508,-0.3400590739558476,-0.4071251843732045,5.310298989917501,0.8495907904857463
https://mykoreankitchen.com/korean-ground-beef-rice-bowls/,0.10159874402309087,-0.9854273674992887,-0.2863068406568844,-0.2517758175905307,0.009918845135961883,-1.1039392373380301,-0.3400590739558476,4.885502212478454,-0.3704859760407559,0.8495907904857463
https://mykoreankitchen.com/doenjang-jjigae/,0.0025096813510806465,-1.279346783915078,-0.20107073481608703,-0.07703415182187967,0.41765623468300644,-1.1039392373380301,-0.3400590739558476,-0.4071251843732045,-0.3704859760407559,-2.354074481970922
https://mykoreankitchen.com/spicy-sweet-and-vinegary-noodles-bibim-guksu/,0.23368542260050876,-0.98272688753282,-0.5202889212125422,-0.3847005837203058,-0.22071282958051208,1.7725221557258508,-0.3400590739558476,-0.4071251843732045,5.310298989917501,0.8495907904857463
https://mykoreankitchen.com/galbitang-beef-short-rib-soup/,-0.012289851644028016,-0.4179652819568696,1.7287634416306157,-0.8460738994594307,-0.31217565761015387,-1.1039392373380301,5.849016072040579,-0.4071251843732045,5.310298989917501,-2.354074481970922
https://mykoreankitchen.com/nuclear-fire-noodle-fries/,-0.05591369832346347,-1.6667099240993286,-1.0870078099555505,-1.2549382760089998,-0.6218404538223642,1.7725221557258508,-0.3400590739558476,4.885502212478454,5.310298989917501,-2.354074481970922
https://mykoreankitchen.com/kimchi-jjim-braised-kimchi/,-0.031332287238218924,-0.8830079275420675,-0.3351842454239166,0.1388090240063996,0.37842406115977273,-1.1039392373380301,-0.3400590739558476,-0.4071251843732045,-0.3704859760407559,-2.354074481970922
https://mykoreankitchen.com/air-fryer-chicken-wings/,0.03822107812267958,-0.84341223515986,-0.588496865480672,-0.3454415540446619,-0.08058466142860138,-1.1039392373380301,-0.3400590739558476,-0.4071251843732045,5.310298989917501,0.8495907904857463
https://mykoreankitchen.com/pickled-radishes/,-1.0166842913739305,0.32488150129824017,-0.7817859577112899,0.2718147503601162,0.4113981972199629,-1.1039392373380301,-0.3400590739558476,-0.4071251843732045,-0.3704859760407559,-2.354074481970922
https://mykoreankitchen.com/air-fryer-chickpeas/,0.4818537461350351,-1.8776236312331278,-0.7450992335445302,-1.0921706036340417,-0.6067686239521823,-1.1039392373380301,-0.3400590739558476,-0.4071251843732045,-0.3704859760407559,-2.354074481970922
https://mykoreankitchen.com/bean-sprout-rice-kongnamul-bap/,-0.05354279002713359,-1.2522952016808422,-0.5307703106893817,-0.4203393009871935,0.06839631324455711,1.7725221557258508,-0.3400590739558476,-0.4071251843732045,5.310298989917501,-2.354074481970922
https://mykoreankitchen.com/gochujang-chicken/,0.10450244946708814,-0.922807414480027,-0.3539968018142084,-0.06512533887724742,0.18768040553710064,1.7725221557258508,5.849016072040579,-0.4071251843732045,5.310298989917501,0.8495907904857463
https://mykoreankitchen.com/korean-style-tuna-cakes/,-0.5584726104475752,-0.25805451048420863,-0.08485030105515252,-0.04564303232929067,0.21019711976561886,-1.1039392373380301,-0.3400590739558476,-0.4071251843732045,-0.3704859760407559,-2.354074481970922
https://www.justonecookbook.com/cherry-blossom-milk-pudding/,-0.42013790275090107,0.8167957134913919,-0.4638751603565217,0.2682098630808726,0.21505464857295245,0.0,0.0,0.0,0.0,0.0
https://www.justonecookbook.com/easy-apple-pie/,0.10867462777122987,0.33035577337341093,4.580992856906367,-1.7592734603157723,-1.0787083993704596,0.0,0.0,0.0,0.0,0.0
https://www.justonecookbook.com/chocolate-gateau-chocolate-cake/,-0.7762219934287524,0.7000099952890438,0.16139073230748027,0.11441128200338815,0.22270456028943125,0.0,0.0,0.0,0.0,0.0
https://www.justonecookbook.com/matcha-and-white-chocolate-truffles-guest-post-by-with-a-glass/,2.3421361506816947,0.38845745760326433,-0.3826386426353155,3.4696095204975324,-3.829694135265867,0.0,0.0,0.0,0.0,0.0
https://www.justonecookbook.com/sesame-cookies/,-0.3432234517936425,0.2109357511022489,2.4270740567848357,-0.9122475114229344,-0.3525180948227217,0.0,0.0,0.0,0.0,0.0
https://www.justonecookbook.com/pineapple-sorbet/,-1.6148006394310905,0.7953151299827577,-0.7668139724507006,0.7616698911627525,0.6611728019558791,0.0,0.0,0.0,0.0,0.0
https://www.justonecookbook.com/dorayaki-japanese-red-bean-pancake/,0.9148713097448204,-1.435106060961902,0.4650804150846937,0.061827601991554265,0.9608450027240759,0.0,0.0,0.0,0.0,0.0
https://www.justonecookbook.com/green-tea-cookie-vegan/,1.6676664579168352,0.4596018297696217,-0.3689008609302644,3.6021574746241205,-3.633344274487374,0.0,0.0,0.0,0.0,0.0
https://www.justonecookbook.com/basque-burnt-cheesecake/,-0.33444652631716415,0.2798073173327524,0.15206686787633908,0.09337119449709047,0.13114342146823071,1.7725221557258508,5.849016072040579,4.885502212478454,5.310298989917501,0.8495907904857463
https://www.justonecookbook.com/orange-chiffon-cake/,0.06287435250986527,-0.7409905047456788,-0.1784095419838916,-1.1188173774295795,-0.8617249730712047,0.0,0.0,0.0,0.0,0.0
https://www.justonecookbook.com/warabi-mochi/,-1.4985071360278137,0.7930806525233788,-0.8674098475980895,0.6562704535201731,0.5801853760255844,0.0,0.0,0.0,0.0,0.0
https://www.justonecookbook.com/pineapple-upside-down-cake/,-0.6449059429150076,0.6161348803405129,1.625538463836776,-0.48926038121468035,-0.308195154342696,0.0,0.0,0.0,0.0,0.0
https://www.justonecookbook.com/green-tea-madeleine/,0.2770052662904167,0.54249645650296,-0.03879946114950656,1.4688904673704495,-1.4581614546583825,0.0,0.0,0.0,0.0,0.0
https://www.justonecookbook.com/yuzu-sorbet/,-1.4985071360278137,0.7930806525233788,-0.8674098475980895,0.6562704535201731,0.5801853760255844,0.0,0.0,0.0,0.0,0.0
https://www.justonecookbook.com/matcha-zenzai/,2.353109857221395,-1.2299437024531699,0.9150760603888718,3.0386816624334916,0.17665098789765518,0.0,0.0,0.0,0.0,0.0
https://www.justonecookbook.com/frozen-chocolate-banana/,0.9644084832795498,-2.577944643490052,-1.6063630187381668,-2.743047159910817,-1.880953169832749,0.0,0.0,0.0,0.0,0.0
https://www.justonecookbook.com/custard-cream-pastry-cream/,0.16958252053956005,0.24695410005214666,2.3445034905216993,-0.22952056003844,-0.0663718344286503,0.0,0.0,0.0,0.0,0.0
https://www.justonecookbook.com/chocolate-cake-guest-post-by-gourmantines-blog/,-0.993718138269548,0.6929274016676119,-0.059538742138154854,0.2128177943245932,0.2971691105556838,0.0,0.0,0.0,0.0,0.0
https://www.justonecookbook.com/blueberry-cake/,-0.5900219975811687,0.6056496411954957,1.5874146052809381,-0.4685801050298005,-0.28017635906167254,0.0,0.0,0.0,0.0,0.0
https://www.justonecookbook.com/chocolate-ice-cream/,-0.23557710443830412,0.8081338899980247,2.028991789665695,-0.5982823606174852,-0.5367516871763415,0.0,0.0,0.0,0.0,0.0
https://www.justonecookbook.com/coconut-macaroons/,-0.6752813053499753,0.45782212133447103,0.22485776216835535,0.07659450458721098,0.18746231430338345,0.0,0.0,0.0,0.0,0.0
https://www.justonecookbook.com/shiratama-dango/,-0.012235801372761862,-0.5619661482872621,0.031378038886926814,0.8659253474883318,0.6736029506107669,0.0,0.0,0.0,0.0,0.0
https://www.justonecookbook.com/green-tea-white-chocolate-cookies/,0.17707725592592477,0.5723903897714449,1.497991504348636,0.30875310217226665,-1.228729624124933,0.0,0.0,0.0,0.0,0.0
https://www.justonecookbook.com/yuzu-ice-cream/,-0.24862737059566925,0.721141341514171,2.008938008295752,-0.7057819108735744,-0.48752936637173766,0.0,0.0,0.0,0.0,0.0
https://www.justonecookbook.com/coffee-ice-cream/,-0.3106314641730556,0.708888175488176,1.7981855097488468,-0.5925774367940376,-0.38977963007160044,0.0,0.0,0.0,0.0,0.0
https://www.justonecookbook.com/strawberry-cheesecake-ice-cream/,0.03223348362344403,0.695067840952867,2.2258087874974892,-0.8382715449207132,-0.6600455918735585,0.0,0.0,0.0,0.0,0.0
https://www.justonecookbook.com/chocolate-chiffon-cake/,-0.15922180582938372,-0.2708322502159271,-0.22995426862929094,-0.6252055307541442,-0.5303087200780018,0.0,0.0,0.0,0.0,0.0
https://www.justonecookbook.com/panettone-bread-pudding/,-0.5578878257344796,0.5000550570425598,-0.0682598200968211,-0.0247324557403345,0.11764638550734785,-1.1039392373380301,-0.3400590739558476,4.885502212478454,-0.3704859760407559,0.8495907904857463
https://www.justonecookbook.com/castella/,-0.7744914132935331,0.5530991840214126,0.23680797182924496,-0.022586906840369823,-0.200686455705257,0.0,0.0,0.0,0.0,0.0
https://www.justonecookbook.com/chocolate-chip-cookies-with-nutella-recipe/,0.05095200040798712,0.4072413625411166,1.9237712710783355,-0.7168193481479443,-0.37993320653007284,0.0,0.0,0.0,0.0,0.0
https://www.justonecookbook.com/sweet-potato-pie/,-0.11431996445164977,0.32041687119687934,2.7549515094914163,-1.0245038513040847,-0.4559225323648682,0.0,0.0,0.0,0.0,0.0
https://www.justonecookbook.com/cherry-blossom-madeleines/,-1.0384237764537856,0.6202990081905824,0.2629809306193729,0.18827012148972974,0.2102653922434177,0.0,0.0,0.0,0.0,0.0
https://www.justonecookbook.com/kashiwa-mochi/,1.4857636936755643,-1.5462021190975899,1.3709945205649219,1.9420788167933125,3.4073053028428655,0.0,0.0,0.0,0.0,0.0
https://www.justonecookbook.com/meyer-lemon-cookies/,-0.5761935072518733,0.5896425028124554,-0.15187955624389857,0.33089349770325777,0.0973264787804045,0.0,0.0,0.0,0.0,0.0
https://www.justonecookbook.com/nama-chocolate/,-0.3823864995467385,1.0779070702697193,-0.45890694486790296,0.4660275939696556,0.5207536121718197,0.0,0.0,0.0,0.0,0.0
https://www.justonecookbook.com/cherry-blossom-cookies/,-0.08423030425678642,0.3465456869734568,2.6087012810123773,-0.9551971448536796,-0.5307292384398868,0.0,0.0,0.0,0.0,0.0
https://www.justonecookbook.com/matcha-tiramisu/,1.205805166350954,0.6494585747450035,2.059640275229037,1.0636936846040093,-2.6597739573146275,0.0,0.0,0.0,0.0,0.0
https://www.justonecookbook.com/souffle-japanese-cheesecake/,-0.5958186289158102,0.5807558475307706,0.23862071424141823,0.06076664171538741,0.008274304013573512,0.0,0.0,0.0,0.0,0.0
https://www.justonecookbook.com/matcha-vegan-panna-cotta/,2.185117211159528,-0.7746456715979145,0.731412489072167,3.1260392195989684,0.0365019498487016,0.0,0.0,0.0,0.0,0.0
https://www.justonecookbook.com/peanut-butter-chocolate-chip-cookies/,-0.5521802117467055,0.52591402756919,0.7727263554065077,0.04701900935271944,0.08384031768018041,0.0,0.0,0.0,0.0,0.0
https://www.justonecookbook.com/tofu-pudding-blancmange/,-0.1848899829181398,0.4199311574963631,-0.7625765318881305,0.07726478206111755,-0.17550552319370405,0.0,0.0,0.0,0.0,0.0
https://www.justonecookbook.com/mitarashi-dango/,0.04576664665604076,-0.5239894691941038,0.044609812452261394,0.6084694528097055,0.5849602160195786,0.0,0.0,0.0,0.0,0.0
https://www.justonecookbook.com/daifuku/,1.3336181756941137,-1.5219407434531655,1.1488671405736928,1.6611637038238034,2.605878118389175,0.0,0.0,0.0,0.0,0.0
https://www.justonecookbook.com/tart-crust/,-1.0304798972525084,0.5640743435743089,0.18869709707952093,0.13414148954991753,0.33173227090938534,0.0,0.0,0.0,0.0,0.0
https://www.justonecookbook.com/pear-almond-tart/,-0.8962744906810708,0.5386241463596944,-0.0777481487820762,0.14368663631758544,0.2203381061329301,0.0,0.0,0.0,0.0,0.0
https://www.justonecookbook.com/sakura-mochi/,1.9341518846836083,-1.9630689078601158,1.4744859048984293,2.212660467516236,3.4958019068204207,0.0,0.0,0.0,0.0,0.0
https://www.justonecookbook.com/miso-butter-cookies/,-0.8217536157450862,0.2689370043557539,0.3757113029454766,0.09279042878945878,0.21571783021228041,0.0,0.0,0.0,0.0,0.0
https://www.justonecookbook.com/green-tea-donuts/,0.3997340734096916,0.4704879467979476,0.0694219961187041,1.354548051204452,-1.4222127627874206,0.0,0.0,0.0,0.0,0.0
https://www.justonecookbook.com/lavender-madeleines-guest-post-by-roti-n-rice/,-0.9335902362208368,0.5804471442228876,-0.03002872283981875,0.19084912817161487,0.25847208748374534,0.0,0.0,0.0,0.0,0.0
https://www.justonecookbook.com/purin-dora/,-0.062002107064039094,-0.02354028237842187,1.0129247725953596,-1.0270772547954021,-0.8182399386523795,0.0,0.0,0.0,0.0,0.0
https://www.justonecookbook.com/twinkie-minions/,-0.5114383626606843,0.9465796739662258,-0.48429556910835814,0.8774770588160988,0.35144728844202133,0.0,0.0,0.0,0.0,0.0
https://www.justonecookbook.com/zenzai-red-bean-soup/,1.1095559554797085,-1.2933394283217603,0.984471880512615,1.727499497314944,3.1025288767780568,0.0,0.0,0.0,0.0,0.0
https://www.justonecookbook.com/chocolate-souffle/,-0.735798608343894,0.6826273874711031,0.4796691924419129,0.13419654886001067,0.08817146025679497,0.0,0.0,0.0,0.0,0.0
https://www.justonecookbook.com/fruit-jelly/,-1.1055473040325183,0.8600659004709084,-0.7764538892444091,0.5832292570598469,0.542203550039981,0.0,0.0,0.0,0.0,0.0
https://www.justonecookbook.com/meyer-lemon-chiffon-cake/,0.01951140004427456,-0.6643904440872149,-0.232823836018044,-1.0107081359584225,-0.7975713556211422,0.0,0.0,0.0,0.0,0.0
https://www.justonecookbook.com/lychee-coconut-sorbet/,0.6192986909647815,-0.5538598721910775,-0.86050432505968,-0.30962461049478046,-0.39218920302908944,0.0,0.0,0.0,0.0,0.0
https://www.justonecookbook.com/chocolate-covered-strawberries/,-0.41553300575634045,0.9703080222767836,-0.5394187655458508,0.657311975006135,0.408843594816929,0.0,0.0,0.0,0.0,0.0
https://www.justonecookbook.com/white-bean-paste-shiroan/,-1.2173350405848469,0.5252744545006909,-0.8132355433289501,0.33584080801890304,0.6844210142531265,0.0,0.0,0.0,0.0,0.0
https://www.justonecookbook.com/green-tea-chiffon-cake/,1.145275545184625,-0.34765563101573577,1.2136175289787927,0.036171756219802044,-2.5428415901405947,0.0,0.0,0.0,0.0,0.0
https://www.justonecookbook.com/banana-bread/,-0.3550882093506035,-0.3277461430772752,-0.4921885493491115,-0.6947437192865303,-0.3906153119613809,0.0,0.0,0.0,0.0,0.0
https://www.justonecookbook.com/matcha-marble-pound-cake/,0.344968392988543,0.5067135905461421,0.03342486069604147,1.5617057197592024,-1.56098966791132,0.0,0.0,0.0,0.0,0.0
https://www.justonecookbook.com/matcha-swiss-roll/,0.6557846331868703,0.6170488122932338,0.18703945739561562,1.6757797385855329,-1.8010704221366864,0.0,0.0,0.0,0.0,0.0
https://www.justonecookbook.com/easy-apple-tart/,-0.027081177813934675,0.3701901210990147,3.034665262708935,-1.1354305623832233,-0.7195301411207222,0.0,0.0,0.0,0.0,0.0
https://www.justonecookbook.com/nougat-and-glace-with-orange-caramel-guest-post-by-mad-about-macarons/,-0.7296248676000934,0.5269419406731559,0.25533613950920664,0.003370917737137969,0.08330203825878128,0.0,0.0,0.0,0.0,0.0
https://www.justonecookbook.com/black-sesame-ice-cream/,-0.17306444312840966,0.358390646294072,1.3298971658873098,-0.38484721602483707,-0.046765459593402114,0.0,0.0,0.0,0.0,0.0
https://www.justonecookbook.com/mochi-ice-cream/,-0.14533699561202476,-0.19026973124602062,-0.040911796757500556,0.6752697685004818,0.6242229538039382,0.0,0.0,0.0,0.0,0.0
https://www.justonecookbook.com/blueberry-frozen-yogurt/,-0.1918059132055682,0.4376197753040409,-0.5090201582162746,0.1073427109940854,-0.03997754885712434,0.0,0.0,0.0,0.0,0.0
https://www.justonecookbook.com/mango-lassi-popsicles/,1.761912668277561,0.9761536768191124,-0.38681566846092286,-0.8426801915485802,-0.012303835357316675,0.0,0.0,0.0,0.0,0.0
https://www.justonecookbook.com/ohagi-botamochi/,0.9199398410268105,-1.2760018394297157,0.707131903090699,1.478112912767968,2.4716091706918464,0.0,0.0,0.0,0.0,0.0
https://www.justonecookbook.com/almond-cookies/,0.3517445717729167,-0.5891053518877936,1.8684770966929887,-1.7915162479271771,-1.1224989297355892,0.0,0.0,0.0,0.0,0.0
https://www.justonecookbook.com/imagawayaki-obanyaki/,0.8822984503928982,-1.2879727184869583,0.4777885644416688,0.06856355971077698,0.8292304624385726,0.0,0.0,0.0,0.0,0.0
https://www.justonecookbook.com/kabocha-squash-pie/,-0.12983911117956592,0.3387979359825407,2.1006912977957803,-0.7793666275333307,-0.2590699932528367,0.0,0.0,0.0,0.0,0.0
https://www.justonecookbook.com/strawberry-daifuku/,1.1833230527657337,-1.2932154954795545,0.9903753807557475,1.5498894656287905,2.411365560247632,0.0,0.0,0.0,0.0,0.0
https://www.justonecookbook.com/no-bake-creme-caramel/,-0.27932606463699716,0.7742723662851888,2.0257375884226545,-0.6187191805527026,-0.5063861755592556,0.0,0.0,0.0,0.0,0.0
https://www.justonecookbook.com/strawberry-frozen-yogurt/,-0.32426254234037966,0.6418786304917369,-0.607283026379204,0.17091156604344063,0.3010915520498922,0.0,0.0,0.0,0.0,0.0
https://www.justonecookbook.com/meyer-lemon-pound-cake/,-0.2814051421463145,0.40504501043324176,0.016836594973766397,-0.13470561113060436,-0.05951226107256958,0.0,0.0,0.0,0.0,0.0
https://www.justonecookbook.com/green-tea-mochi/,1.5348162406156571,-0.193570092914003,-0.02825344199317699,2.6914428533820836,-2.191662394073057,0.0,0.0,0.0,0.0,0.0
https://www.justonecookbook.com/soy-sauce-caramel-ice-cream/,-0.31602598317219044,0.6266117339614541,1.4056485072287874,-0.4218890837907907,-0.2913953559061902,0.0,0.0,0.0,0.0,0.0
https://www.justonecookbook.com/tsukimi-dango/,-1.3822136226734016,0.7908461728386003,-0.9680057179641759,0.5508710101167498,0.4991979493847156,0.0,0.0,0.0,0.0,0.0
https://www.justonecookbook.com/japanese-strawberry-shortcake/,-0.6247308236065806,0.6531235407685161,0.03569996853535086,0.21339370785778863,0.17587444094985055,0.0,0.0,0.0,0.0,0.0
https://www.justonecookbook.com/sata-andagi/,-0.11253445594993534,-0.6705439273225087,-0.15276830766635824,-1.0222924375398075,-0.6199384848939457,0.0,0.0,0.0,0.0,0.0
https://www.justonecookbook.com/green-tea-pudding/,1.991889395437726,-0.6355382118097723,0.6904444188979696,2.878140450849964,-0.001954721258820411,0.0,0.0,0.0,0.0,0.0
https://www.justonecookbook.com/coffee-jelly/,-1.4985071360278137,0.7930806525233788,-0.8674098475980895,0.6562704535201731,0.5801853760255844,0.0,0.0,0.0,0.0,0.0
https://www.justonecookbook.com/red-bean-ice-cream/,0.847426178990116,-0.8312031419441571,0.7674443315188733,1.3438529476935446,2.268234470130686,0.0,0.0,0.0,0.0,0.0
https://www.justonecookbook.com/chocolate-almond-toffee/,-1.0658071829227014,0.6271487664380172,-0.6414817276211361,0.4432451208751517,0.5616676807180336,0.0,0.0,0.0,0.0,0.0
https://www.justonecookbook.com/pon-de-ring-donut-recipe/,-0.15713007418737834,0.40797097918302044,-0.024504483122115766,0.7308993549341913,-0.7194681631761473,0.0,0.0,0.0,0.0,0.0
https://www.justonecookbook.com/green-tea-ice-cream-matcha-ice-cream/,1.7893042964085986,0.3899523717671154,-0.48319529571922015,3.480078850748486,-3.5771182716305905,0.0,0.0,0.0,0.0,0.0
https://www.justonecookbook.com/japanese-sweet-potato/,0.11522464667770906,0.3833025933034679,3.5656289520450266,-1.3969222343948782,-0.815939452591703,0.0,0.0,0.0,0.0,0.0
https://www.justonecookbook.com/earl-grey-chiffon-cake/,0.3862436744329639,-0.6591769917389251,-0.3506910424205288,-0.2608500013604343,-1.55209933251044,0.0,0.0,0.0,0.0,0.0
https://www.justonecookbook.com/green-tea-chocolate/,1.3670176476311573,0.6613934743183164,-0.360307940044483,2.7295097297898385,-2.639026999951762,0.0,0.0,0.0,0.0,0.0
https://www.justonecookbook.com/instant-pot-kabocha-flan/,-0.8922040958585238,0.8401906209954438,0.08363872938144512,0.21149545247650642,0.20288077464503043,0.0,0.0,0.0,0.0,0.0
https://www.justonecookbook.com/flambeed-pear-purses-with-caramel-sauce-and-ganache-guest-post-by-five-euro-food/,-0.9110103510061563,0.8751984061264386,-0.5411033807522849,0.3694640218629298,0.5426964193434477,0.0,0.0,0.0,0.0,0.0
https://www.justonecookbook.com/mizu-yokan/,1.4987497011391786,-1.591718636100472,1.2346555733043636,1.865475181732727,3.4512940476818468,0.0,0.0,0.0,0.0,0.0
https://www.justonecookbook.com/mini-fruit-puff-pastry-with-lemon-glaze/,-0.4024417726545365,0.40879029101626857,0.4368632068416046,-0.06944179599216413,-0.17283696552752567,0.0,0.0,0.0,0.0,0.0
https://www.justonecookbook.com/custard-pudding/,-1.0836519542096108,0.7390639233542299,0.26025584126555523,0.19522630883389744,0.06870543704654411,0.0,0.0,0.0,0.0,0.0
https://www.justonecookbook.com/ume-shaved-ice/,6.8919101296076155,4.679551480190919,-1.960660202522878,-3.7178403198088494,1.7812234652454142,0.0,0.0,0.0,0.0,0.0
https://www.justonecookbook.com/orange-jelly/,0.3707166973774715,1.025409825505472,-0.6596872875049842,-0.35694826182802863,0.48621267219283476,0.0,0.0,0.0,0.0,0.0
https://www.justonecookbook.com/sesame-cupcakes-with-honey-meringue-frosting-guest-post-by-t-and-tea-cake/,-0.27677168300870997,-0.2674752647956812,0.023206400190491337,-0.29475982352679725,-0.12448175982192894,0.0,0.0,0.0,0.0,0.0
https://www.justonecookbook.com/cherry-clafoutis/,-1.0921110869326942,0.6230857329218695,-0.058873984149455806,0.2028709397822077,0.27502748496038326,0.0,0.0,0.0,0.0,0.0
https://www.justonecookbook.com/how-to-make-agar/,-1.4985071360278137,0.7930806525233788,-0.8674098475980895,0.6562704535201731,0.5801853760255844,0.0,0.0,0.0,0.0,0.0
https://www.justonecookbook.com/how-to-make-anko-red-bean-paste/,-1.2173350405848469,0.5252744545006909,-0.8132355433289501,0.33584080801890304,0.6844210142531265,0.0,0.0,0.0,0.0,0.0
https://www.justonecookbook.com/cherry-bars/,-1.1083939443475523,0.5980737273642658,-0.015513006718084008,0.16961324067187977,0.3030179584199493,0.0,0.0,0.0,0.0,0.0
https://www.justonecookbook.com/mango-ice-cream/,-0.7220410435817656,0.8064521409622696,-0.5770657728019881,0.3709699319721321,0.3478128792087131,0.0,0.0,0.0,0.0,0.0
https://www.justonecookbook.com/green-tea-souffle/,0.6394285675343863,0.6558313746073121,0.5230915246718976,1.4272915142097113,-1.8310064320616861,0.0,0.0,0.0,0.0,0.0
https://www.justonecookbook.com/matcha-basque-cheesecake/,0.07282096502280837,0.30447069638792984,2.178423978105402,-0.5085316370334765,-0.5982212265292978,1.7725221557258508,5.849016072040579,4.885502212478454,5.310298989917501,0.8495907904857463
https://www.justonecookbook.com/simple-crepes/,-0.13316785040965248,-0.028516494320940552,-0.48264217467861686,-0.620199337672195,-0.23059920406008497,0.0,0.0,0.0,0.0,0.0
https://www.justonecookbook.com/taro-tapioca-dessert-soup/,-0.647022455159313,0.36321634399238034,-0.6921470877259019,0.3180784838463016,0.09736561665618151,0.0,0.0,0.0,0.0,0.0
https://www.justonecookbook.com/fruit-popsicles/,0.2981782522236465,-0.630768018004024,-0.03440671984989872,0.11143522690977062,0.8166907823110813,0.0,0.0,0.0,0.0,0.0
https://www.justonecookbook.com/butter-cookies-hato-sabure-recipe/,-1.007713266854782,0.6072280198334629,0.3898891680495985,0.19382403616723518,0.23211736265025057,0.0,0.0,0.0,0.0,0.0
https://www.justonecookbook.com/blueberry-cheesecake/,-0.34905589248407326,0.5861158632156114,1.4533186257519544,-0.5111810849860563,-0.349851901081178,0.0,0.0,0.0,0.0,0.0
https://www.justonecookbook.com/ujikintoki-green-tea-shaved-ice/,2.7010070583372645,-0.16731863602046382,0.4959630777821603,2.0321030311826465,1.392349155494028,0.0,0.0,0.0,0.0,0.0
https://www.justonecookbook.com/hanami-dango/,-0.012235801372761862,-0.5619661482872621,0.031378038886926814,0.8659253474883318,0.6736029506107669,0.0,0.0,0.0,0.0,0.0
https://www.justonecookbook.com/cherry-ice-cream/,-0.1744352301311354,0.24220650018439152,-0.05520531182030693,0.8313621950853997,1.0917348613257254,0.0,0.0,0.0,0.0,0.0
https://www.justonecookbook.com/matcha-mille-crepe-cake/,0.5883190555367196,-0.10795497289723147,-0.2531067138701446,0.5833619229297827,-1.6915377775409182,0.0,0.0,0.0,0.0,0.0
https://www.justonecookbook.com/green-tea-creme-brulee/,1.1408444967920726,0.6596615084486345,1.9426454681803302,0.9886247654904384,-2.5225738050984123,0.0,0.0,0.0,0.0,0.0
https://www.justonecookbook.com/nougat-semifreddo-guest-post-by-alterkitchen/,-0.8898172846528385,0.7463319909529337,0.050109739170247185,0.183499797982923,0.19370678167303065,0.0,0.0,0.0,0.0,0.0
https://omnivorescookbook.com/eight-treasure-rice/,0.9797078163239273,-1.2231280510738811,0.6169762085266328,1.147618702971904,2.24981661646358,1.7725221557258508,-0.3400590739558476,-0.4071251843732045,-0.3704859760407559,0.8495907904857463
https://omnivorescookbook.com/mango-sago/,-0.647022455159313,0.36321634399238034,-0.6921470877259019,0.3180784838463016,0.09736561665618151,1.7725221557258508,-0.3400590739558476,-0.4071251843732045,-0.3704859760407559,0.8495907904857463
https://omnivorescookbook.com/dou-fu-nao/,-0.4147550288484034,-0.28763866757346473,-0.5585457161108616,-0.1694918325765094,0.12322921884144318,-1.1039392373380301,5.849016072040579,-0.4071251843732045,-0.3704859760407559,-2.354074481970922
https://omnivorescookbook.com/strawberry-thumbprint-cookies/,-1.0316897999964636,0.7022366743029387,0.0377044744851325,0.2654922256822501,0.335195755561087,-1.1039392373380301,-0.3400590739558476,-0.4071251843732045,-0.3704859760407559,-2.354074481970922
https://omnivorescookbook.com/red-bean-popsicles/,-0.4779678750150907,0.7813699974231999,-0.1561514055008036,0.3568688497278701,-0.2570873426508886,-1.1039392373380301,-0.3400590739558476,-0.4071251843732045,-0.3704859760407559,0.8495907904857463
https://omnivorescookbook.com/chinese-fish-en-papillote/,0.24754872702279326,-1.3208413812808004,-0.9958905767323846,-0.7877211534153459,-0.5373381929691154,-1.1039392373380301,5.849016072040579,-0.4071251843732045,-0.3704859760407559,-2.354074481970922
https://omnivorescookbook.com/gluten-free-apple-crumble/,-0.049627434410114794,0.3337679773426056,-0.347064670475546,0.10227201025935158,0.30282466881858533,-1.1039392373380301,-0.3400590739558476,-0.4071251843732045,-0.3704859760407559,0.8495907904857463
https://omnivorescookbook.com/white-chocolate-lemon-cupcakes/,-0.7443711881669891,0.5812054914104158,-0.1469192080640397,0.24309979381641258,0.14780137220154813,-1.1039392373380301,-0.3400590739558476,-0.4071251843732045,-0.3704859760407559,0.8495907904857463
https://omnivorescookbook.com/ginger-creme-brulee/,0.07919650615223299,0.39058645856417323,3.04697128401353,-1.0670325045125015,-0.7656047692212777,-1.1039392373380301,-0.3400590739558476,-0.4071251843732045,-0.3704859760407559,-2.354074481970922
https://omnivorescookbook.com/recipes/black-rice-with-coconut-milk-and-fruits/,1.482792188319588,1.9905440290004819,-1.2696122784586308,-0.7321824894506443,0.8045032868619991,1.7725221557258508,-0.3400590739558476,-0.4071251843732045,-0.3704859760407559,0.8495907904857463
https://omnivorescookbook.com/recipes/family-favorite-fruitcake/,-0.402030856598409,0.29573402803137666,0.4102553235603813,0.08667859972235077,0.14842684668013317,-1.1039392373380301,-0.3400590739558476,-0.4071251843732045,-0.3704859760407559,0.8495907904857463
https://omnivorescookbook.com/chinese-bird-nest/,-1.6148006394310905,0.7953151299827577,-0.7668139724507006,0.7616698911627525,0.6611728019558791,0.0,0.0,0.0,0.0,0.0
https://omnivorescookbook.com/recipes/how-to-make-red-bean-paste/,-1.4730099281013527,0.6230456082452667,-0.7950341347318287,0.5279951806261765,0.6794884620694704,-1.1039392373380301,-0.3400590739558476,-0.4071251843732045,-0.3704859760407559,0.8495907904857463
https://omnivorescookbook.com/easy-pie-crust/,0.2623748809992226,1.505233593450579,-0.07613422636182124,-0.5561532036847555,0.6087520319892428,-1.1039392373380301,-0.3400590739558476,-0.4071251843732045,-0.3704859760407559,-2.354074481970922
https://omnivorescookbook.com/chinese-banana-fritters/,-0.34999961322816303,0.7307961376216285,-0.4039793569732516,0.04036095892153505,0.36895123065877367,-1.1039392373380301,-0.3400590739558476,-0.4071251843732045,-0.3704859760407559,0.8495907904857463
https://omnivorescookbook.com/vegan-mango-pudding/,-0.1201989162648147,-0.01092411742727662,-0.749817787905638,0.07126318413545182,-0.18888710071933631,-1.1039392373380301,-0.3400590739558476,-0.4071251843732045,-0.3704859760407559,0.8495907904857463
https://omnivorescookbook.com/recipes/zongzi-red-bean-paste/,3.4776665691322948,-3.178346260673324,2.8208718504860246,3.0654006726622773,5.56694254727943,-1.1039392373380301,-0.3400590739558476,-0.4071251843732045,-0.3704859760407559,-2.354074481970922
https://omnivorescookbook.com/recipes/apple-pie-cookies/,-0.510964597798507,-0.19174163154770085,-0.6437612667891289,-0.20109492354654293,-0.032236848097884255,0.0,0.0,0.0,0.0,0.0
https://omnivorescookbook.com/black-sesame-soup/,-0.502845438957089,-0.16780017703448846,-0.316212366135196,0.2909237716269212,0.5559507054388503,-1.1039392373380301,-0.3400590739558476,-0.4071251843732045,-0.3704859760407559,-2.354074481970922
https://omnivorescookbook.com/mango-sticky-rice/,-0.7383018897514003,0.10988397319518342,-0.531637051753208,0.2562471666916935,0.3911278229993478,-1.1039392373380301,-0.3400590739558476,-0.4071251843732045,-0.3704859760407559,0.8495907904857463
https://omnivorescookbook.com/red-bean-soup/,-1.4730099281013527,0.6230456082452667,-0.7950341347318287,0.5279951806261765,0.6794884620694704,-1.1039392373380301,-0.3400590739558476,-0.4071251843732045,-0.3704859760407559,0.8495907904857463
https://omnivorescookbook.com/almond-tofu/,-0.9599979019321919,0.8791817754137605,-0.6034929671636318,0.5670023215220751,0.3835086660299427,-1.1039392373380301,-0.3400590739558476,-0.4071251843732045,-0.3704859760407559,0.8495907904857463
https://omnivorescookbook.com/chinese-walnut-cookies/,-0.5127930576650007,0.49894047377601086,0.25139477164885404,0.08817034790803632,0.13773468607454983,0.0,0.0,0.0,0.0,0.0
https://omnivorescookbook.com/japanese-strawberry-shortcake/,-0.5546844210479566,0.6181776871122778,0.9945760625675726,-0.1745432917111881,-0.06880516134605569,0.0,0.0,0.0,0.0,0.0
https://omnivorescookbook.com/tang-yuan/,-0.5761424516128351,-0.1639441406326631,-0.49798844485185334,0.18971764375023178,0.23592071426140365,0.0,0.0,0.0,0.0,0.0
https://omnivorescookbook.com/eight-treasure-congee/,-1.4985071360278137,0.7930806525233788,-0.8674098475980895,0.6562704535201731,0.5801853760255844,-1.1039392373380301,-0.3400590739558476,-0.4071251843732045,-0.3704859760407559,-2.354074481970922
https://omnivorescookbook.com/salted-chocolate-chip-cookies/,-0.44817865612334373,0.35486366000533764,0.2306189436819725,0.24695648999965242,0.5596529689292506,0.0,0.0,0.0,0.0,0.0
https://omnivorescookbook.com/sticky-rice-cake-with-red-bean-paste/,1.3997435419581523,-2.1161958231376277,0.8054432114197196,0.8344455375090745,2.0945579838397195,-1.1039392373380301,-0.3400590739558476,-0.4071251843732045,-0.3704859760407559,0.0
https://omnivorescookbook.com/snow-skin-mooncake-custard/,-0.07281767901410317,-0.03505660489896397,1.4253337979758458,-0.8016722566874869,-0.604082846696923,-1.1039392373380301,-0.3400590739558476,-0.4071251843732045,-0.3704859760407559,0.8495907904857463
https://omnivorescookbook.com/kabocha-pumpkin-pie/,-0.4468282629367817,0.43572345082937297,0.2671634884237295,0.09232280187487213,0.14587364933962868,-1.1039392373380301,-0.3400590739558476,-0.4071251843732045,-0.3704859760407559,-2.354074481970922
https://omnivorescookbook.com/black-sesame-ice-cream/,-0.7553861871248807,0.4407383063776964,-0.5078503567200877,0.3563649196545848,0.5631708975209357,-1.1039392373380301,-0.3400590739558476,-0.4071251843732045,-0.3704859760407559,0.8495907904857463
https://omnivorescookbook.com/shen-jian-bao/,-0.1350044723752986,-0.8318187630709151,-0.6208854525755094,-0.49367041166875386,-0.10766769991045212,-1.1039392373380301,-0.3400590739558476,-0.4071251843732045,-0.3704859760407559,-2.354074481970922
https://thewoksoflife.com/peach-squares/,-1.219869178399515,0.6683516745414497,0.03948947465147462,0.320414021405338,0.304716075274167,-1.1039392373380301,-0.3400590739558476,-0.4071251843732045,-0.3704859760407559,0.8495907904857463
https://thewoksoflife.com/alkaline-rice-dumplings-zongzi/,0.37451539708223514,-0.982384195381527,-0.8329787231201984,-0.3849891718585898,-0.3655784455833815,1.7725221557258508,-0.3400590739558476,-0.4071251843732045,-0.3704859760407559,-2.354074481970922
https://thewoksoflife.com/lotus-mooncakes-egg-yolks/,0.4956030049686427,0.3055256285440345,3.2620610950750977,-1.603919679438184,-0.9645842477694586,1.7725221557258508,-0.3400590739558476,-0.4071251843732045,-0.3704859760407559,0.8495907904857463
https://thewoksoflife.com/apple-cinnamon-coffee-cake/,0.29222935830407126,0.011909999022228945,-0.5823912922015438,-0.3975477629517369,-0.20307852834037146,1.7725221557258508,-0.3400590739558476,-0.4071251843732045,-0.3704859760407559,0.8495907904857463
https://thewoksoflife.com/baobing-chinese-shaved-ice/,-0.9309000455351177,0.46625427230443817,-0.7735402627768734,0.3598853812402914,0.2978198000560628,0.0,0.0,0.0,0.0,0.0
https://thewoksoflife.com/pumpkin-mochi-pumpkin-filling/,0.1070877185245311,-0.3032447475886042,-0.024624710210780942,0.5090434721565877,0.5502132971739658,-1.1039392373380301,-0.3400590739558476,-0.4071251843732045,-0.3704859760407559,0.8495907904857463
https://thewoksoflife.com/snow-skin-mooncakes/,0.8455378926773014,-1.2312999319532443,0.33675016212550124,0.47787761034974313,0.9176771713070828,1.7725221557258508,-0.3400590739558476,-0.4071251843732045,-0.3704859760407559,0.8495907904857463
https://thewoksoflife.com/peanut-butter-and-jelly-cookies/,-0.5022424322799005,0.5138077389562224,0.18197410159979313,0.057322496470983406,0.06697756644432538,-1.1039392373380301,-0.3400590739558476,-0.4071251843732045,-0.3704859760407559,0.8495907904857463
https://thewoksoflife.com/matcha-bacon-sugar-cookies/,0.01642783511795516,0.5607539441529523,0.24364861829059314,1.0477968232785513,-0.9793864534703635,0.0,0.0,0.0,0.0,0.0
https://thewoksoflife.com/shepherds-purse-tofu-soup/,-0.18430521194899183,-0.9317268997955707,-0.24979515749973613,-0.980838675027643,-0.3607749736728775,-1.1039392373380301,-0.3400590739558476,-0.4071251843732045,-0.3704859760407559,-2.354074481970922
https://thewoksoflife.com/favorite-carrot-cake-recipe/,-0.5876858123471108,0.3818747363071167,-0.4093503313548898,0.1068430339365634,0.06114917890406333,1.7725221557258508,-0.3400590739558476,-0.4071251843732045,-0.3704859760407559,0.8495907904857463
https://thewoksoflife.com/sesame-balls/,0.8703213274187557,-1.473543476970798,0.4965226718197082,0.7346005005607127,1.6998521954165702,1.7725221557258508,-0.3400590739558476,-0.4071251843732045,-0.3704859760407559,0.8495907904857463
https://thewoksoflife.com/xiamen-mei-fun-noodles/,0.19029512429133558,-1.4570614240965571,-0.1693511180333745,-0.8622730210424066,-0.37762011241763715,1.7725221557258508,-0.3400590739558476,-0.4071251843732045,-0.3704859760407559,-2.354074481970922
https://thewoksoflife.com/triple-layer-berry-cake-w-lemon-cream-thyme/,0.016758057814354604,-0.6735020640923692,-0.36513472711837286,-0.9501752523289314,-0.6863864158408719,1.7725221557258508,-0.3400590739558476,-0.4071251843732045,-0.3704859760407559,0.8495907904857463
https://thewoksoflife.com/nian-gao-recipe/,-0.022461792945321135,-0.656584093966241,-0.4229917025533875,-0.4312467041618396,-0.12579573057548984,1.7725221557258508,-0.3400590739558476,-0.4071251843732045,-0.3704859760407559,0.8495907904857463
https://thewoksoflife.com/yogurt-popsicles-fruit/,0.2617273150855649,0.7481771135818103,-0.33543064520212484,0.09527886459389794,-0.18538785628915952,-1.1039392373380301,-0.3400590739558476,-0.4071251843732045,-0.3704859760407559,-2.354074481970922
https://thewoksoflife.com/mulberry-galette-w-vanilla-sauce/,0.41926830130922926,1.1392995555481598,1.1357424078252323,-0.9408601381336277,-0.19167945208377019,1.7725221557258508,-0.3400590739558476,-0.4071251843732045,-0.3704859760407559,0.8495907904857463
https://thewoksoflife.com/cantonese-steamed-milk-egg-pudding/,-0.6959594540409515,0.7466032486704057,0.5732407338731662,0.12709175619086047,0.030389312931725226,-1.1039392373380301,-0.3400590739558476,-0.4071251843732045,-0.3704859760407559,0.8495907904857463
https://thewoksoflife.com/osmanthus-cake/,-0.2867172028661639,0.11894801088285391,-0.29904567368488183,-0.44768160618516784,-0.1327260398327873,-1.1039392373380301,-0.3400590739558476,-0.4071251843732045,-0.3704859760407559,0.8495907904857463
https://thewoksoflife.com/spanish-chicken-stew/,0.4538343934003146,-2.519909027753976,-0.9329762649623901,-1.5980897620499799,-0.893068337627492,-1.1039392373380301,-0.3400590739558476,-0.4071251843732045,-0.3704859760407559,-2.354074481970922
https://thewoksoflife.com/sweet-red-bean-paste-recipe-instant-pot/,-0.307993996282353,-0.9272800420447197,-1.049439965471558,-0.8241086358314827,-0.3670595702728147,-1.1039392373380301,-0.3400590739558476,-0.4071251843732045,-0.3704859760407559,-2.354074481970922
https://thewoksoflife.com/frozen-mango-coconut/,3.3643883839171864,2.413359233084679,-1.307736962214603,-1.8107787671808189,0.7983427575076777,-1.1039392373380301,-0.3400590739558476,-0.4071251843732045,-0.3704859760407559,0.8495907904857463
https://thewoksoflife.com/welsh-cakes/,-0.7719416725363364,0.4331870919289369,-0.15629011796185108,0.1388227780514524,0.1755751463162638,-1.1039392373380301,-0.3400590739558476,-0.4071251843732045,-0.3704859760407559,-2.354074481970922
https://thewoksoflife.com/peanut-mochi-coconut/,-0.02211131101044977,-0.5107298851785346,-0.1947491697414497,0.35415396552083683,0.2737186895008779,-1.1039392373380301,-0.3400590739558476,-0.4071251843732045,-0.3704859760407559,-2.354074481970922
https://thewoksoflife.com/red-bean-soup/,-0.5415936424472317,0.06730221153857015,-0.2823627044648068,-0.4141133633666606,0.0915266524774672,-1.1039392373380301,-0.3400590739558476,-0.4071251843732045,-0.3704859760407559,-2.354074481970922
https://thewoksoflife.com/mung-bean-popsicles/,-0.012235801372761862,-0.5619661482872621,0.031378038886926814,0.8659253474883318,0.6736029506107669,1.7725221557258508,-0.3400590739558476,-0.4071251843732045,-0.3704859760407559,0.8495907904857463
https://thewoksoflife.com/strawberry-cheesecake/,-0.8169412205321035,0.6645099718251538,-0.24160671569214828,0.28772782144534365,0.2791475361085674,1.7725221557258508,-0.3400590739558476,4.885502212478454,-0.3704859760407559,0.8495907904857463
https://thewoksoflife.com/pumpkin-tres-leches-cake/,-0.2341103606156787,-0.005728409667464472,-0.36113535290003085,-0.20373647626177072,-0.10695445190092195,-1.1039392373380301,-0.3400590739558476,-0.4071251843732045,-0.3704859760407559,0.8495907904857463
https://thewoksoflife.com/inside-hong-kong-coconut-buns/,-0.11263270419233626,0.5109571106585037,1.7157626522639193,-0.5578164895852675,-0.4082200693919896,1.7725221557258508,-0.3400590739558476,-0.4071251843732045,-0.3704859760407559,0.8495907904857463
https://thewoksoflife.com/peanut-butter-cupcakes-with-black-sesame-frosting/,-0.7469092997918817,0.33168861700008223,0.03996241548456569,0.19714900527596252,0.27676006641179957,1.7725221557258508,-0.3400590739558476,-0.4071251843732045,-0.3704859760407559,0.8495907904857463
https://thewoksoflife.com/black-sticky-rice-mango-dessert/,0.9847500927217546,1.8206106426082598,-1.202182015090171,-0.5283891125872855,0.7723373709495011,1.7725221557258508,-0.3400590739558476,-0.4071251843732045,-0.3704859760407559,0.8495907904857463
https://thewoksoflife.com/blueberry-yogurt-scones/,-0.6769903983975919,0.6398945425561297,-0.024199826575655007,0.2077396370086809,0.1630622565131982,-1.1039392373380301,-0.3400590739558476,-0.4071251843732045,-0.3704859760407559,0.8495907904857463
https://thewoksoflife.com/holiday-marshmallow-treats/,-0.8460465309255694,0.6237845142404438,-0.45339186753178345,0.4447475984314174,0.4125782337593341,-1.1039392373380301,-0.3400590739558476,-0.4071251843732045,-0.3704859760407559,0.8495907904857463
https://thewoksoflife.com/tang-yuan-recipe/,-0.3438816337595843,-0.39996859982436905,-0.16264789163892004,0.654423969970908,0.6430114967633985,1.7725221557258508,-0.3400590739558476,-0.4071251843732045,-0.3704859760407559,0.8495907904857463
https://thewoksoflife.com/pumpkin-pie-pecan-streusel/,-0.3380942512995112,0.13566154634418764,-0.04416717386928541,-0.01124594677972469,0.08603934827911754,-1.1039392373380301,-0.3400590739558476,-0.4071251843732045,-0.3704859760407559,0.8495907904857463
https://thewoksoflife.com/funfetti-ice-cream-sandwiches/,0.5602239251434202,0.9885904970216802,1.6222157437457414,-1.0484427521322437,-0.08951651425796092,1.7725221557258508,-0.3400590739558476,-0.4071251843732045,-0.3704859760407559,0.8495907904857463
https://thewoksoflife.com/honey-banana-cake/,-0.06689015110728887,0.42622185312808436,-0.2782284099168231,-0.0295226474120687,-0.15088282693098912,1.7725221557258508,-0.3400590739558476,-0.4071251843732045,-0.3704859760407559,0.8495907904857463
https://thewoksoflife.com/classic-peanut-butter-cake/,-0.8038290450433085,0.5471641563883544,-0.3452653288623473,0.20124291083334203,0.16086763732603857,1.7725221557258508,-0.3400590739558476,4.885502212478454,-0.3704859760407559,0.8495907904857463
https://thewoksoflife.com/ham-nut-mooncake-recipe/,0.43494585281003867,-0.21751238915610038,1.677325901033665,-0.696388536481,-0.1507190749580602,1.7725221557258508,-0.3400590739558476,-0.4071251843732045,-0.3704859760407559,0.8495907904857463
https://thewoksoflife.com/chocolate-nutella-rolls/,-0.5132005923939148,0.5841871072673996,0.4419908994417584,0.09638561536903266,0.14906011391570734,1.7725221557258508,-0.3400590739558476,-0.4071251843732045,-0.3704859760407559,0.8495907904857463
https://thewoksoflife.com/dairy-free-lemon-cake/,-0.46529901522054334,-0.18683919946848934,-0.2254920935199511,-0.5994022584511299,-0.41608566236709726,1.7725221557258508,-0.3400590739558476,-0.4071251843732045,-0.3704859760407559,0.8495907904857463
https://thewoksoflife.com/red-bean-bread/,-0.12176517168914978,0.650867341844444,0.4164706347235943,-0.12441804032289264,0.15748418531050973,1.7725221557258508,-0.3400590739558476,-0.4071251843732045,-0.3704859760407559,0.8495907904857463
https://thewoksoflife.com/apple-fritters-cinnamon-sugar/,-0.4714590897089559,-0.22215588311242926,-0.48580604376731623,-0.469847572878227,-0.29996684342550306,1.7725221557258508,-0.3400590739558476,-0.4071251843732045,-0.3704859760407559,0.8495907904857463
https://thewoksoflife.com/easy-irish-soda-bread-raisins/,-0.7711577240905467,0.606675862858851,0.2509042501235315,0.13331164479032523,0.1428134179934003,1.7725221557258508,-0.3400590739558476,-0.4071251843732045,-0.3704859760407559,0.8495907904857463
https://thewoksoflife.com/pumpkin-cake-w-mexican-chocolate-whipped-cream/,0.05554978343171418,0.03382454430459356,-0.4647746256365251,-0.2239682982451864,-0.10572453823319429,-1.1039392373380301,-0.3400590739558476,-0.4071251843732045,-0.3704859760407559,0.8495907904857463
https://thewoksoflife.com/coconut-tapioca-dessert/,-0.010618686624870347,-0.21783406462612662,-0.18756966333644115,0.6062926287644366,0.43618421909418453,1.7725221557258508,-0.3400590739558476,-0.4071251843732045,-0.3704859760407559,0.8495907904857463
https://thewoksoflife.com/thai-black-rice-dessert/,0.702260558834708,1.6425381126122685,-1.1047406290968365,-0.3596661516620664,0.7599274142819362,0.0,0.0,0.0,0.0,0.0
https://thewoksoflife.com/chinese-walnut-cookies/,-0.5468204410851891,0.5575853461649088,0.11175309335183364,0.23606713947978902,0.10820973938176955,1.7725221557258508,-0.3400590739558476,4.885502212478454,-0.3704859760407559,0.8495907904857463
https://thewoksoflife.com/yellow-cake/,-0.34563596872172103,0.200829081796363,1.3169423473525512,-0.83021015614206,-0.5874404447642765,-1.1039392373380301,-0.3400590739558476,-0.4071251843732045,-0.3704859760407559,0.8495907904857463
https://thewoksoflife.com/flaky-apple-pie-recipe/,-0.7965917057621471,0.4216032683993592,-0.28252690285680493,0.2073183082612751,0.19493347815713058,1.7725221557258508,-0.3400590739558476,-0.4071251843732045,-0.3704859760407559,0.8495907904857463
https://thewoksoflife.com/churn-bourbon-cherry-pie-ice-cream/,-0.781036485441492,0.8320428774604441,-0.5369789375579679,0.393957660988261,0.5234397302858795,-1.1039392373380301,-0.3400590739558476,-0.4071251843732045,-0.3704859760407559,0.8495907904857463
https://thewoksoflife.com/pumpkin-cupcakes/,-0.07541262202363558,0.3965483990117803,-0.14399671938498051,-0.007799469359635676,0.16067010492087808,1.7725221557258508,-0.3400590739558476,-0.4071251843732045,-0.3704859760407559,0.8495907904857463
https://thewoksoflife.com/flourless-chocolate-citrus-almond-cake/,-0.5107479945656257,0.43681376094828106,-0.1516545667369066,-0.12836011563261673,0.17874301784830515,-1.1039392373380301,-0.3400590739558476,4.885502212478454,-0.3704859760407559,0.8495907904857463
https://thewoksoflife.com/quick-blackberry-apple-tart/,-0.31981884030248614,0.21772624158656462,0.13835978055419687,-0.5641588581348711,-0.4545917802701407,-1.1039392373380301,-0.3400590739558476,-0.4071251843732045,-0.3704859760407559,0.8495907904857463
https://thewoksoflife.com/easy-rough-puff-pastry/,0.532835775646889,1.8195781511472033,-1.1522877588304195,-0.5074555979369318,0.9843886282271103,-1.1039392373380301,-0.3400590739558476,-0.4071251843732045,-0.3704859760407559,-2.354074481970922
https://thewoksoflife.com/blueberry-pancakes/,-0.5824462166735808,0.48428792423117545,-0.07305305086166564,-0.03940832960562065,-0.06812344697866199,-1.1039392373380301,-0.3400590739558476,-0.4071251843732045,-0.3704859760407559,0.8495907904857463
https://thewoksoflife.com/mango-pie/,-0.31343869345457676,0.20207862151017814,-0.2741131142516348,-0.0716136493574501,-0.11530857911346613,1.7725221557258508,-0.3400590739558476,-0.4071251843732045,-0.3704859760407559,0.8495907904857463
https://thewoksoflife.com/chocolate-cake-recipe/,-0.1446353264826974,0.08403146177432065,1.8961262353846222,-1.0493512957521565,-0.7179780286555838,1.7725221557258508,-0.3400590739558476,4.885502212478454,-0.3704859760407559,0.8495907904857463
https://thewoksoflife.com/chocolate-rice-krispie-nuggets/,-0.9639990142865007,0.6030540220564612,-0.6863009384414254,0.3760820966417002,0.5486543133305876,1.7725221557258508,-0.3400590739558476,-0.4071251843732045,-0.3704859760407559,0.8495907904857463
https://thewoksoflife.com/hong-kong-egg-tarts/,-1.1782958409111672,0.6797631641032261,-0.020779461584919764,0.21948626361695914,0.20774655756654697,-1.1039392373380301,-0.3400590739558476,-0.4071251843732045,-0.3704859760407559,-2.354074481970922
https://thewoksoflife.com/vegan-chocolate-peanut-butter-silk-tart/,-0.4972293208763648,0.1667849631541298,-0.7695232843862351,0.11977198333579768,-0.04927820470699324,-1.1039392373380301,-0.3400590739558476,4.885502212478454,-0.3704859760407559,0.8495907904857463
https://thewoksoflife.com/bai-tang-gao-white-sugar-sponge-cake/,0.022587488632584946,-0.7323421233561764,-0.2686972146121838,-0.47671664680409875,-0.2107955511326711,-1.1039392373380301,-0.3400590739558476,-0.4071251843732045,-0.3704859760407559,0.8495907904857463
https://thewoksoflife.com/key-lime-tart/,-0.5408328644506315,0.50531785940671,-0.22223243455133548,-0.45509671631257503,-0.13955305711773022,1.7725221557258508,-0.3400590739558476,-0.4071251843732045,-0.3704859760407559,0.8495907904857463
https://thewoksoflife.com/pumpkin-granola/,0.3390203159588308,-0.060610996605228055,-0.5589609289829495,-0.23945740666787632,0.25994409018804016,1.7725221557258508,-0.3400590739558476,-0.4071251843732045,-0.3704859760407559,0.8495907904857463
https://thewoksoflife.com/chinese-pineapple-buns-pork/,0.11285720832781575,-0.050052667756644284,1.4363815215741442,-0.7524945601454798,-0.45789269115577286,1.7725221557258508,5.849016072040579,-0.4071251843732045,-0.3704859760407559,0.8495907904857463
https://thewoksoflife.com/dark-chocolate-pumpkin-scones/,-0.3043732399855591,0.31106575376550993,-0.28179653099382584,0.19507794199652873,0.19836367986621348,-1.1039392373380301,-0.3400590739558476,-0.4071251843732045,-0.3704859760407559,0.8495907904857463
https://thewoksoflife.com/chinese-swiss-roll/,-0.10270429071877073,-0.3549985932468515,-0.34692926405986535,-0.7204903103468645,-0.4652980929360716,-1.1039392373380301,-0.3400590739558476,-0.4071251843732045,-0.3704859760407559,0.8495907904857463
https://thewoksoflife.com/sweet-cherry-hand-pies/,0.12894052907356987,1.3474502895818388,-0.5464422329663166,-0.3493945192411271,0.6536290139523745,-1.1039392373380301,-0.3400590739558476,-0.4071251843732045,-0.3704859760407559,0.8495907904857463
https://thewoksoflife.com/portuguese-custard-tarts-pasteis-de-nata/,-0.18297523559582146,0.7527284516152262,2.0228922792883464,-0.6489316696795832,-0.5009547071185096,-1.1039392373380301,-0.3400590739558476,-0.4071251843732045,-0.3704859760407559,0.8495907904857463
https://thewoksoflife.com/apple-cream-cheese-tart/,-0.39796541499512517,0.2749860899346721,-0.29486206219806366,-0.1613089190857344,-0.07786227696699818,-1.1039392373380301,-0.3400590739558476,-0.4071251843732045,-0.3704859760407559,0.8495907904857463
https://thewoksoflife.com/snow-fungus-soup-pears/,-1.4985071360278137,0.7930806525233788,-0.8674098475980895,0.6562704535201731,0.5801853760255844,0.0,0.0,0.0,0.0,0.0
https://thewoksoflife.com/lemon-basil-yogurt-cake/,0.017457780303602833,-0.6242424757650944,-0.33582643704566423,-0.8839776371588972,-0.6874150376587094,1.7725221557258508,-0.3400590739558476,-0.4071251843732045,-0.3704859760407559,0.8495907904857463
https://thewoksoflife.com/cinnamon-raisin-buns/,-0.4854309962511293,0.548669251454709,0.33735451291846125,0.1238608095743442,0.13696070945730346,1.7725221557258508,-0.3400590739558476,-0.4071251843732045,-0.3704859760407559,0.8495907904857463
https://thewoksoflife.com/pumpkin-mini-muffins/,-0.24728872999677207,-0.22443318967919645,-0.2173331467553943,-0.47758119881210076,-0.1997123048320656,1.7725221557258508,-0.3400590739558476,-0.4071251843732045,-0.3704859760407559,0.8495907904857463
https://thewoksoflife.com/clementine-cakes/,-0.5445781958252814,0.3979820096543367,-0.015364615088914207,-0.07916034600919475,0.0029205383408571687,-1.1039392373380301,-0.3400590739558476,-0.4071251843732045,-0.3704859760407559,0.8495907904857463
https://thewoksoflife.com/bourbon-banana-cream-pie/,-0.3813811728290528,0.6593781723537354,1.3349121265813422,-0.33941216206609737,-0.2850597806176211,1.7725221557258508,-0.3400590739558476,-0.4071251843732045,-0.3704859760407559,0.8495907904857463
https://thewoksoflife.com/grass-jelly-dessert/,2.528475785317386,0.06437530987547596,-0.07956909535723505,0.8886918455111722,0.6083432974514844,0.0,0.0,0.0,0.0,0.0
https://thewoksoflife.com/chock-full-o-nuts-chocolate-chip-cookies/,-0.4874948733042953,0.5137213760575534,-0.1794869919653711,0.27068987624301427,0.20204591029466448,-1.1039392373380301,-0.3400590739558476,-0.4071251843732045,-0.3704859760407559,0.8495907904857463
https://thewoksoflife.com/mango-muffins/,-0.34100625284195,0.30483074244423497,-0.22331346079785652,0.17578591582033115,0.1558697400923356,-1.1039392373380301,-0.3400590739558476,-0.4071251843732045,-0.3704859760407559,0.8495907904857463
https://thewoksoflife.com/peach-pie/,0.32998457747040144,0.9875959915592548,-0.6111338134838814,-0.41003392476709216,0.3665881850205584,1.7725221557258508,-0.3400590739558476,-0.4071251843732045,-0.3704859760407559,0.8495907904857463
https://thewoksoflife.com/ma-lai-go-chinese-steamed-cake/,-0.5156140208836505,-0.0013231055055622034,-0.10697920800511117,-0.24301818266062494,-0.17783419519158078,-1.1039392373380301,-0.3400590739558476,-0.4071251843732045,-0.3704859760407559,0.8495907904857463
https://thewoksoflife.com/lotus-seed-paste/,-0.8077703010497356,0.12895739160001013,-0.6989702774194796,0.11054770200317914,0.21779330677190245,-1.1039392373380301,-0.3400590739558476,-0.4071251843732045,-0.3704859760407559,0.8495907904857463
https://thewoksoflife.com/brussels-cookies-recipe/,-1.1420924040948042,0.6858475371060314,-0.5375237183218369,0.5718790285076905,0.4359585804286277,-1.1039392373380301,-0.3400590739558476,-0.4071251843732045,-0.3704859760407559,-2.354074481970922
https://thewoksoflife.com/steamed-red-bean-buns/,0.7846881550756946,-0.7454797470954863,0.8235644909046644,1.1889390359014158,2.0338131842111156,-1.1039392373380301,-0.3400590739558476,-0.4071251843732045,-0.3704859760407559,0.8495907904857463
https://thewoksoflife.com/mango-sago/,-0.43964782292907173,0.2894789776240482,-0.6099064923007543,0.2817457986320933,0.10546392619797731,1.7725221557258508,-0.3400590739558476,-0.4071251843732045,-0.3704859760407559,0.8495907904857463
https://thewoksoflife.com/grilled-peach-crisps-yogurt/,0.26831604531204034,0.59325398531811,-0.35464098807483396,-0.06667253007042873,0.18055129343254725,1.7725221557258508,-0.3400590739558476,-0.4071251843732045,-0.3704859760407559,0.8495907904857463
https://thewoksoflife.com/summer-berry-pie/,0.33521913632325734,0.917786249429299,-0.48863272377462397,-0.6316453602004866,0.24032393890696058,1.7725221557258508,-0.3400590739558476,-0.4071251843732045,-0.3704859760407559,0.8495907904857463
https://thewoksoflife.com/how-to-cook-tapioca-pearls/,-1.4985071360278137,0.7930806525233788,-0.8674098475980895,0.6562704535201731,0.5801853760255844,0.0,0.0,0.0,0.0,0.0
https://thewoksoflife.com/olive-oil-pecan-rum-cake/,-0.3982328249113849,-0.46081617044422746,-0.34251138847224716,-0.5934084303499666,-0.41637731081958995,-1.1039392373380301,-0.3400590739558476,-0.4071251843732045,-0.3704859760407559,0.8495907904857463
https://thewoksoflife.com/pineapple-buns/,0.06166998117414207,0.44001818141227395,2.151768515129892,-0.6845040532507403,-0.4233281526206754,1.7725221557258508,-0.3400590739558476,-0.4071251843732045,-0.3704859760407559,0.8495907904857463
https://thewoksoflife.com/nai-wong-bao-custard-buns/,-0.56692944517208,0.5264654024962011,-0.10438980775926864,0.14881906082560517,0.2277512009255631,-1.1039392373380301,-0.3400590739558476,-0.4071251843732045,-0.3704859760407559,-2.354074481970922
https://thewoksoflife.com/almond-cookies-chinese/,0.5460242853751858,0.4043751022604396,4.416609205484392,-1.7477235698919236,-1.2828418249062523,-1.1039392373380301,-0.3400590739558476,-0.4071251843732045,-0.3704859760407559,-2.354074481970922
https://thewoksoflife.com/pumpkin-brownies-swirl/,-0.43519206807555905,-0.06479427629647319,-0.30968452109605965,-0.26518834734029956,-0.06433435239626697,-1.1039392373380301,-0.3400590739558476,4.885502212478454,-0.3704859760407559,0.8495907904857463
https://thewoksoflife.com/glazed-pumpkin-scones/,-0.358197318073254,0.3257562935704417,0.05123781795172276,0.10747122529661507,0.10327417327499439,1.7725221557258508,-0.3400590739558476,-0.4071251843732045,-0.3704859760407559,0.8495907904857463
https://thewoksoflife.com/dairy-free-cheesecake/,-0.6001920617058581,0.27263029844108855,-0.33049000266850753,-0.04124245560158139,0.09798594386830269,-1.1039392373380301,-0.3400590739558476,-0.4071251843732045,-0.3704859760407559,0.8495907904857463
https://thewoksoflife.com/peanut-butter-and-jelly-scones/,-0.3233041600632456,0.5060338067609359,2.2265143810236143,-0.7413706877206293,-0.44039874742101043,1.7725221557258508,-0.3400590739558476,-0.4071251843732045,-0.3704859760407559,0.8495907904857463
https://thewoksoflife.com/guo-bao-rou-dongbei/,0.14230337295643167,-1.1395429138470197,-0.7025222053574132,-0.3527048995340404,-0.2127726105830869,1.7725221557258508,5.849016072040579,-0.4071251843732045,-0.3704859760407559,0.8495907904857463
https://thewoksoflife.com/stone-fruit-semolina-olive-oil-cake-earl-grey-rose-syrup/,0.638398758871184,-0.841321921241321,-0.6496004358870299,-0.365644034983945,-1.391936351918451,1.7725221557258508,-0.3400590739558476,-0.4071251843732045,-0.3704859760407559,0.8495907904857463
https://thewoksoflife.com/coconut-buns-cocktail-buns/,-0.45239772879559986,0.3351024166696057,0.25080913015750844,0.07896507944116214,0.18031082090944509,1.7725221557258508,-0.3400590739558476,-0.4071251843732045,-0.3704859760407559,0.8495907904857463
https://thewoksoflife.com/peach-pancakes/,-0.2011499354846416,0.6460085454603594,-0.23229089586694962,0.017227177058747642,0.17689880253566484,1.7725221557258508,-0.3400590739558476,-0.4071251843732045,-0.3704859760407559,0.8495907904857463
https://thewoksoflife.com/basil-berry-cake/,-0.911628919029222,0.5503807819478455,0.08828198312665027,0.1434038827279134,0.11739148713492732,-1.1039392373380301,-0.3400590739558476,-0.4071251843732045,-0.3704859760407559,0.8495907904857463
https://thewoksoflife.com/cranberry-orange-cookies/,-0.3108110146321236,0.22368891547105005,0.006170899152505024,-0.13920021475496663,0.07156037262018244,-1.1039392373380301,-0.3400590739558476,-0.4071251843732045,-0.3704859760407559,0.8495907904857463
https://thewoksoflife.com/citrus-cake-candied-oranges/,-0.12304629182034643,-0.20809634865570295,-0.4552196953446176,-0.4482281652146216,-0.2745899636220367,1.7725221557258508,-0.3400590739558476,-0.4071251843732045,-0.3704859760407559,0.8495907904857463
https://thewoksoflife.com/berry-tart-mascarpone/,-0.8519131184070957,0.7225795451202344,-0.4833159322298632,0.3403269793973778,0.48344165385443333,-1.1039392373380301,-0.3400590739558476,-0.4071251843732045,-0.3704859760407559,0.8495907904857463
https://thewoksoflife.com/chinese-sesame-peanut-brittle/,-0.9139184212133374,-0.34075906524573896,-0.7646068473407924,0.03198459600997867,0.31329568520839124,-1.1039392373380301,-0.3400590739558476,-0.4071251843732045,-0.3704859760407559,0.8495907904857463
https://thewoksoflife.com/palmiers-recipe/,-0.8774212832222466,0.5552744587594431,-0.4849620467748247,0.3162667921782429,0.4503683768775878,-1.1039392373380301,-0.3400590739558476,-0.4071251843732045,-0.3704859760407559,-2.354074481970922
https://thewoksoflife.com/red-bean-mooncakes-su-style/,1.3310907499859574,-1.3127832221810813,1.2997089311002028,1.7746487351142666,2.9207082857806594,1.7725221557258508,-0.3400590739558476,-0.4071251843732045,-0.3704859760407559,0.8495907904857463
https://thewoksoflife.com/how-to-make-golden-syrup/,-0.433710402609945,0.3441483409604685,-0.5943180947201666,0.2076716629531964,0.02559338726494596,-1.1039392373380301,-0.3400590739558476,-0.4071251843732045,-0.3704859760407559,0.8495907904857463
https://thewoksoflife.com/butternut-squash-pie/,-0.017482506350034673,0.7277842688087466,-0.22726844176856875,-0.23234546341704498,0.3725694697783436,1.7725221557258508,-0.3400590739558476,-0.4071251843732045,-0.3704859760407559,0.8495907904857463
https://www.justonecookbook.com/soba-salad/,1.0866429369811417,-1.7851926675069623,-0.8871341813450526,-1.7173530387024887,-0.8163674739577459,0.0,0.0,0.0,0.0,0.0
https://www.justonecookbook.com/seaweed-salad-recipe/,0.47848889436817843,-1.654801661134881,-0.4742081637371067,-0.5714709793542084,-0.22444498072014413,0.0,0.0,0.0,0.0,0.0
https://www.justonecookbook.com/daikon-salad-radish-salad/,0.4830123468205633,-1.6369732954180602,-0.6543892473058076,-0.7108979254650226,-0.48835436617975286,0.0,0.0,0.0,0.0,0.0
https://www.justonecookbook.com/shabu-shabu-salad/,-0.008528310749826941,-0.9903495421072718,-0.4977425208009261,-0.1370700171778059,0.16806520461655663,0.0,0.0,0.0,0.0,0.0
https://www.justonecookbook.com/eggplant-and-myoga-salad/,0.13588997400305577,-1.1031689861109402,-0.9809219230081222,-0.7424038597231256,-0.3259622556461228,0.0,0.0,0.0,0.0,0.0
https://www.justonecookbook.com/japanese-salad-dressings/,0.6210586868328832,-2.2571494338595435,-0.8921970038831564,-1.4390666079217862,-0.7448133884004108,0.0,0.0,0.0,0.0,0.0
https://www.justonecookbook.com/apple-walnut-salad/,-0.20736287599391115,0.0778295862432142,-0.5373946312732891,0.1175705292347695,0.2433932081641559,0.0,0.0,0.0,0.0,0.0
https://www.justonecookbook.com/pork-shabu-salad-with-ponzu-dressing-egg-drop-soup/,-0.15242472839023538,-0.7597135439406932,-0.19957870386997928,-0.3683567209290094,-0.016498050140362333,0.0,0.0,0.0,0.0,0.0
https://www.justonecookbook.com/tomato-myoga-salad/,0.26698527293688623,-1.2743838537497032,-0.5576870085859883,-0.298537628738588,-0.11601587702857981,0.0,0.0,0.0,0.0,0.0
https://www.justonecookbook.com/gobo-salad-japanese-burdock-root-salad/,0.24590116927617567,-1.3825664671164428,-0.5067199098439553,-0.4233442207527668,-0.12604301056585526,0.0,0.0,0.0,0.0,0.0
https://www.justonecookbook.com/sunomono-with-cucumber-and-wakame/,-0.1472271315065671,-0.6361903145078428,-0.32555991004319745,0.20777814349447302,0.43150059983849137,0.0,0.0,0.0,0.0,0.0
https://www.justonecookbook.com/pressure-cooker-potato-salad/,-0.14096864019578056,-0.4629849311617492,0.47996561001816385,-0.057569735589667256,0.23720801037224734,0.0,0.0,0.0,0.0,0.0
https://www.justonecookbook.com/seafood-salad/,0.4687976413255092,-2.0530270181978385,-0.7244153043257064,-1.043267213520743,-0.5395035897794754,0.0,0.0,0.0,0.0,0.0
https://www.justonecookbook.com/steak-salad-shoyu-dressing/,0.510953204648424,-1.9017347891643914,-0.7566857235945057,-1.1199090948893287,-0.5886677000682795,0.0,0.0,0.0,0.0,0.0
https://www.justonecookbook.com/carrot-ginger-dressing/,0.4664074180110116,-1.771409903468918,-0.8452628225901203,-1.0615153634576897,-0.5424520499400722,0.0,0.0,0.0,0.0,0.0
https://www.justonecookbook.com/caesar-salad/,0.34051566639011976,-1.829205248641324,-0.9340175056871722,-1.175158402497842,-0.6711793127935758,0.0,0.0,0.0,0.0,0.0
https://www.justonecookbook.com/spinach-salad-with-asian-salad-dressing/,0.2595330181184522,-1.328746361852848,-0.5687120696895277,-0.5322337132955395,-0.07311304326062135,0.0,0.0,0.0,0.0,0.0
https://www.justonecookbook.com/sesame-dressing/,0.24590117374620502,-1.3825664615564586,-0.5067199068524509,-0.4233442187564326,-0.12604300107779118,0.0,0.0,0.0,0.0,0.0
https://www.justonecookbook.com/japanese-cucumber-salad/,-0.2707257820824615,-0.4934866565206426,-0.38980447678810387,0.2420874324383275,0.438270347522984,0.0,0.0,0.0,0.0,0.0
https://www.justonecookbook.com/japanese-potato-salad/,-0.5408036920447493,-0.03091774147176788,0.6338330021642437,-0.15974964464257052,0.36114517184085704,0.0,0.0,0.0,0.0,0.0
https://www.justonecookbook.com/asian-coleslaw/,-0.18934242067123994,-1.03314027209179,-0.5520427306073701,-0.3479353087565771,0.1404702689116791,0.0,0.0,0.0,0.0,0.0
https://www.justonecookbook.com/warm-mushroom-salad-sesame-dressing/,0.4002562425094233,-1.6798187135252918,-0.8271517351739741,-1.0965702840089284,-0.529582262485565,0.0,0.0,0.0,0.0,0.0
https://www.justonecookbook.com/hijiki-salad/,0.37781829326161914,-1.80568362296717,-1.261481937133772,-1.7713122692806773,-1.0685298133161827,0.0,0.0,0.0,0.0,0.0
https://www.justonecookbook.com/crab-salad-with-ponzu-mayonnaise-dressing/,0.052472031837278214,-0.9457908148028686,-0.13176479695199902,0.09113522075231502,0.5248623569212504,0.0,0.0,0.0,0.0,0.0
https://www.justonecookbook.com/honey-sesame-shirataki-noodles/,0.31902325529982745,-1.2271386886514586,-0.3792345375109238,-0.8207991481367116,-0.4109978566935723,0.0,0.0,0.0,0.0,0.0
https://www.justonecookbook.com/octopus-salad-tako-su/,-0.14722716111070636,-0.6361903099870744,-0.32555991847165977,0.20777815614272344,0.4315006081127979,0.0,0.0,0.0,0.0,0.0
https://www.justonecookbook.com/smoked-salmon-salad-with-lemon-vinaigrette/,0.49495163222120664,-1.977028040483378,-0.6586100525055513,-1.3645092998816768,-0.8086142350469301,0.0,0.0,0.0,0.0,0.0
https://www.justonecookbook.com/wafu-dressing-japanese-salad-dressing/,0.4380264780124447,-1.7259759706606408,-0.534185787915157,-0.7869217202082088,-0.2635331552088276,0.0,0.0,0.0,0.0,0.0
https://www.justonecookbook.com/easy-carrot-salad/,0.13984237758414417,-1.6069208675109716,-1.024855354778434,-1.1034178149736975,-0.5857499177228394,0.0,0.0,0.0,0.0,0.0
https://www.justonecookbook.com/mizuna-myoga-salad-with-soy-sesame-dressing/,0.3096543814487231,-1.4315400973689507,-0.6923975466831761,-0.6064265900973052,-0.2217321181406243,0.0,0.0,0.0,0.0,0.0
https://www.justonecookbook.com/harusame-salad/,0.3240761710582406,-1.594905961874949,-0.7587028733484805,-0.9229648956202792,-0.32743322509112904,0.0,0.0,0.0,0.0,0.0
https://www.justonecookbook.com/spicy-bean-sprout-salad/,0.38687370136806437,-1.44421617784817,-0.16523922336674843,-0.015556722200148728,0.7039230806060226,0.0,0.0,0.0,0.0,0.0
https://www.justonecookbook.com/kabocha-salad/,-0.5948483202569158,-0.3263593645322744,-0.5751156851409223,0.1641982368816033,0.8412903217018157,0.0,0.0,0.0,0.0,0.0
https://www.justonecookbook.com/green-bean-shiraae/,-0.4917310145215035,-0.3153342840842066,-0.42382370967598276,0.19600903477154138,0.5932446381853865,0.0,0.0,0.0,0.0,0.0
https://www.justonecookbook.com/strawberry-dressing/,0.6824938632732762,-2.486758299341083,-1.2803416217717987,-1.996239577002091,-1.50742776926232,0.0,0.0,0.0,0.0,0.0
https://www.justonecookbook.com/massaged-kale-salad-with-mango/,0.2647309616906963,-1.9009477873118605,-0.9912399536080377,-1.2718929418293956,-0.5370538190149994,0.0,0.0,0.0,0.0,0.0
https://www.justonecookbook.com/apple-salad/,0.10262551049288368,0.4011807733657933,-0.5072177734346289,0.08026830030490675,-0.23492448143436015,0.0,0.0,0.0,0.0,0.0
https://www.justonecookbook.com/japanese-macaroni-salad/,0.23774327707814819,-1.5976662767567225,-0.14268883230194543,-0.9538418914714798,-0.4858170752304905,0.0,0.0,0.0,0.0,0.0
https://www.justonecookbook.com/broccolini-gomaae/,-0.4917310145215035,-0.3153342840842066,-0.42382370967598276,0.19600903477154138,0.5932446381853865,0.0,0.0,0.0,0.0,0.0
https://www.justonecookbook.com/arugula-fennel-navel-orange-salad/,0.3052771139205927,-1.9947113360769004,-0.9606011681124261,-1.3018599974080134,-0.5747687959467593,0.0,0.0,0.0,0.0,0.0
https://www.justonecookbook.com/spring-mix-salad-with-sweet-miso-dressing/,0.41900854890353884,-1.7252155650116718,-0.5572499759110887,-0.6401456164207318,-0.29989576060880097,0.0,0.0,0.0,0.0,0.0
https://www.justonecookbook.com/roasted-cauliflower-kale-salad-with-miso-tahini-dressing/,0.29516444958142074,-1.8156651602573575,-0.7279485031458524,-0.8928557748257256,-0.43944721671469833,0.0,0.0,0.0,0.0,0.0
https://www.justonecookbook.com/bitter-melon-salad/,-0.14844241893814167,-0.8444957635058125,-0.7286489398615053,-0.3237463704255179,0.050113815518972364,0.0,0.0,0.0,0.0,0.0
https://www.justonecookbook.com/spiralized-cucumber-salad/,-0.1472271315065671,-0.6361903145078428,-0.32555991004319745,0.20777814349447302,0.43150059983849137,0.0,0.0,0.0,0.0,0.0
https://www.justonecookbook.com/green-salad-with-blood-orange-vinaigrette/,0.3162218157319716,-1.5769781876029283,-0.7814656389322573,-1.2470135278763421,-0.6507005248329136,0.0,0.0,0.0,0.0,0.0
https://www.justonecookbook.com/spinach-with-sesame-sauce/,-0.4917310145215035,-0.3153342840842066,-0.42382370967598276,0.19600903477154138,0.5932446381853865,0.0,0.0,0.0,0.0,0.0
https://www.justonecookbook.com/shrimp-salad-recipe/,-0.6756149759131304,0.1590613371483363,0.19553474574887553,-0.014581725219450106,0.2943189719467766,0.0,0.0,0.0,0.0,0.0
https://www.justonecookbook.com/arugula-salad/,0.3348027458111702,-1.8738359971685945,-1.0535265867902115,-1.3106498026167797,-0.7242969056235922,0.0,0.0,0.0,0.0,0.0
https://www.justonecookbook.com/tofu-salad-with-sesame-ponzu-dressing/,-0.0407957599701042,-1.1174415504035617,-0.6879105882365831,-0.6029819208566592,-0.016782832981235448,0.0,0.0,0.0,0.0,0.0
https://thewoksoflife.com/tamarind-iced-tea/,3.149447147227758,1.6422491367803727,-1.2368717898336083,0.03130559784158457,-1.1180438586676518,-1.1039392373380301,-0.3400590739558476,-0.4071251843732045,-0.3704859760407559,0.8495907904857463
https://thewoksoflife.com/how-to-make-soy-milk/,-1.3567164260790991,0.6208111322853863,-0.8956300099339751,0.42259574592194554,0.5985010296433773,-1.1039392373380301,-0.3400590739558476,-0.4071251843732045,-0.3704859760407559,-2.354074481970922
https://thewoksoflife.com/avocado-smoothies-boba/,2.448958951558045,3.169358245532023,-1.6980689972194283,-1.333077890812659,1.2621636382952,1.7725221557258508,-0.3400590739558476,-0.4071251843732045,-0.3704859760407559,0.8495907904857463
https://thewoksoflife.com/sour-plum-drink-suan-mei-tang/,0.7084897666683353,0.19102423742330235,-0.7033431391136281,2.293894602703215,-1.781346632179669,-1.1039392373380301,0.0,0.0,-0.3704859760407559,0.8495907904857463
https://thewoksoflife.com/frozen-white-peach-mango-margaritas/,4.150867001585746,3.269959662219862,-1.5815249402799052,-2.3804534074268657,1.420083703336974,-1.1039392373380301,-0.3400590739558476,-0.4071251843732045,-0.3704859760407559,0.8495907904857463
https://thewoksoflife.com/yuanyang-tea-hong-kong/,1.9589971958939865,0.3020093900197454,-0.905480058732257,4.256636114419449,-4.220637636843086,-1.1039392373380301,-0.3400590739558476,-0.4071251843732045,-0.3704859760407559,-2.354074481970922
https://thewoksoflife.com/bubble-tea/,0.84526028021417,0.46495497989518186,-0.9263219398694208,3.02138107714923,-2.647359118679239,1.7725221557258508,-0.3400590739558476,-0.4071251843732045,-0.3704859760407559,0.8495907904857463
https://thewoksoflife.com/sweet-corn-drink/,-0.6415450642521154,0.5568967336408739,-0.7236836074413272,0.2663471013646313,-0.08198516700687884,-1.1039392373380301,-0.3400590739558476,-0.4071251843732045,-0.3704859760407559,0.8495907904857463
https://thewoksoflife.com/how-to-make-vietnamese-coffee/,-1.1638895167092198,0.8195199918347597,-0.7085643433703721,0.5265305869793382,0.26115562283855154,-1.1039392373380301,-0.3400590739558476,-0.4071251843732045,-0.3704859760407559,0.8495907904857463
https://thewoksoflife.com/hong-kong-milk-tea/,1.068338664215948,0.4825812017546238,-0.820424958331108,2.9348878421773454,-2.860045618261988,-1.1039392373380301,-0.3400590739558476,-0.4071251843732045,-0.3704859760407559,0.8495907904857463
https://thewoksoflife.com/peach-daiquiris-frozen/,6.8919101296076155,4.679551480190919,-1.960660202522878,-3.7178403198088494,1.7812234652454142,-1.1039392373380301,-0.3400590739558476,-0.4071251843732045,-0.3704859760407559,0.8495907904857463
https://thewoksoflife.com/chrysanthemum-tea-benefits/,2.075290733445464,0.29977491986297794,-1.0060759257708591,4.151236676516893,-4.301625060368962,-1.1039392373380301,0.0,0.0,-0.3704859760407559,0.0
https://thewoksoflife.com/shandong-pork-fish-dumplings/,-0.05520491099488747,-1.1725085127269135,-0.9064477961987473,-0.710087606391437,-0.31204512189852407,-1.1039392373380301,-0.3400590739558476,-0.4071251843732045,-0.3704859760407559,-2.354074481970922
https://thewoksoflife.com/hawthorn-iced-tea/,-1.4985071360278137,0.7930806525233788,-0.8674098475980895,0.6562704535201731,0.5801853760255844,-1.1039392373380301,0.0,0.0,-0.3704859760407559,-2.354074481970922
https://thewoksoflife.com/sparkling-strawberry-oolong-arnold-palmer/,2.2264823381659378,1.086064984323721,-0.8856648367830849,-0.29920281335773113,-0.9690527745147153,-1.1039392373380301,-0.3400590739558476,-0.4071251843732045,-0.3704859760407559,0.8495907904857463
https://thewoksoflife.com/chinese-ginger-tea-dates/,-0.29096817028390204,0.2696632535155638,-0.8655005560459826,0.3469799701015774,-0.09420643763901743,-1.1039392373380301,-0.3400590739558476,-0.4071251843732045,-0.3704859760407559,0.8495907904857463
https://omnivorescookbook.com/steamed-char-siu-bao/,-0.5168959476318997,-0.005809295941737465,-0.1171239899523726,0.14438572802449182,0.2699934166015804,-1.1039392373380301,-0.3400590739558476,-0.4071251843732045,-0.3704859760407559,-2.354074481970922
https://omnivorescookbook.com/recipes/addictive-kimchi-pork-steamed-bun/,-0.13809301219651926,-0.08722131558339555,0.13725645573305012,0.12006920146625388,0.30372174233079396,-1.1039392373380301,-0.3400590739558476,-0.4071251843732045,-0.3704859760407559,0.0
https://omnivorescookbook.com/candied-walnut/,-0.21506068464430675,-0.655213549258849,-1.057143430027177,-0.6638660276678656,-0.3632174315345991,-1.1039392373380301,-0.3400590739558476,-0.4071251843732045,-0.3704859760407559,0.8495907904857463
https://omnivorescookbook.com/recipes/no-sugar-shortbread-cookies-with-nuts/,-1.3660836342185003,0.5497269704995893,-0.6034601188306425,0.42421490473722623,0.5841793850360586,-1.1039392373380301,-0.3400590739558476,-0.4071251843732045,-0.3704859760407559,0.0
https://omnivorescookbook.com/fluffy-burger-bun/,-0.2487157140902347,-0.8575258588063502,-0.20751151971601625,-0.9445227727208969,-0.6295114003384854,0.0,0.0,0.0,0.0,0.0
https://omnivorescookbook.com/chinese-almond-cookies/,-0.021824351325247408,0.38882825228220863,3.0240313514927184,-1.1742941292884435,-0.6885058862181044,-1.1039392373380301,-0.3400590739558476,-0.4071251843732045,-0.3704859760407559,-2.354074481970922
https://omnivorescookbook.com/soft-cinnamon-rolls-with-sesame/,-0.3574876113785606,0.37136534507786123,0.35499643565935624,0.18267813109532832,0.43410138319302277,1.7725221557258508,-0.3400590739558476,-0.4071251843732045,-0.3704859760407559,0.8495907904857463
https://omnivorescookbook.com/recipe/low-sugar-banana-bread/,-0.8529622749654365,0.645445708003146,-0.16908855807116663,0.2719934641364788,0.23391857456931212,-1.1039392373380301,-0.3400590739558476,-0.4071251843732045,-0.3704859760407559,0.8495907904857463
https://omnivorescookbook.com/fluffy-monkey-bread-jujube-syrup/,-0.5323402662246823,0.36880203792401484,0.44445775155876116,0.0647390091710777,0.12883580338980302,1.7725221557258508,-0.3400590739558476,-0.4071251843732045,-0.3704859760407559,0.8495907904857463
https://omnivorescookbook.com/recipes/matcha-cake/,1.0774426895444313,-0.5703436498824488,2.0889450048244536,0.47231079437484624,0.7014787382768768,0.0,0.0,0.0,0.0,0.0
https://omnivorescookbook.com/pineapple-buns/,0.09926465715965217,0.5152880328211527,2.789806111432227,-1.0050505941047614,-0.7046909338473709,-1.1039392373380301,-0.3400590739558476,-0.4071251843732045,-0.3704859760407559,0.8495907904857463
https://omnivorescookbook.com/recipes/chinese-pumpkin-bun/,-0.08018505686380255,-0.49357459553179917,-0.1750763671230367,0.1543447891767944,0.47900157939943383,0.0,0.0,0.0,0.0,0.0
https://omnivorescookbook.com/milk-bread-rolls/,-0.7136924633590146,0.5244470605280853,0.4564759085057418,0.07396363631888025,0.08999863684235969,-1.1039392373380301,-0.3400590739558476,-0.4071251843732045,-0.3704859760407559,0.8495907904857463
https://omnivorescookbook.com/steamed-custard-buns/,-0.5122815876541912,0.485599255247582,-0.04714551354817668,0.3006845152624323,0.1839296886202972,-1.1039392373380301,-0.3400590739558476,-0.4071251843732045,-0.3704859760407559,-2.354074481970922
https://omnivorescookbook.com/homemade-lotus-seed-paste/,-0.34251600079702477,-1.27378483305575,-1.1611544159818994,-1.0919509772455687,-0.5855489617644762,-1.1039392373380301,-0.3400590739558476,-0.4071251843732045,0.0,-2.354074481970922
https://omnivorescookbook.com/baked-bbq-pork-buns/,-0.6401235653590406,0.09095192616141368,0.11729390663401294,0.06949792753684919,0.25469170371024313,-1.1039392373380301,-0.3400590739558476,-0.4071251843732045,-0.3704859760407559,-2.354074481970922
https://omnivorescookbook.com/chinese-egg-cake/,-0.16310401633871763,-0.1555275913744362,-0.5022682266966045,-0.32132126340726985,-0.2928550670002023,-1.1039392373380301,-0.3400590739558476,-0.4071251843732045,-0.3704859760407559,-2.354074481970922
https://omnivorescookbook.com/dan-huang-su/,1.0308053533598922,0.021712941887908326,1.4980297395594298,0.07814974012059066,1.3257083335358286,-1.1039392373380301,-0.3400590739558476,-0.4071251843732045,-0.3704859760407559,-2.354074481970922
https://omnivorescookbook.com/sesame-checkerboard-cookies/,-0.6390757685199395,0.031166137996818277,-0.37059201648302603,0.3524148823977839,0.7481372961912783,-1.1039392373380301,-0.3400590739558476,-0.4071251843732045,-0.3704859760407559,-2.354074481970922
